{
    "loss": 2.211130142211914,
    "accuracy": 0.6937018632888794
}