{
    "loss": 5.9974894523620605,
    "accuracy": 0.44494789838790894
}